categoria,nombre,descripcion,precio,precio_doble,disponible,nuevo,foto
Hamburguesas,Cheese,"Medallón de carne, cheddar x2",12000,14000,si,,
Hamburguesas,Bacon Cheese,"Medallón de carne, bacon, cheddar x2",13000,15000,si,,
Hamburguesas,Easy,"Medallón de carne, cheddar, bacon, lechuga, tomate, cebolla, salsa alioli",13500,15500,si,,
Hamburguesas,Sweet Onion,"Medallón de carne, cheddar, cebolla caramelizada, bacon, salsa brut",13000,15000,si,,
Hamburguesas,Panal,"Medallón de carne, cheddar, bacon con miel, salsa dulce",13000,15000,si,,
Hamburguesas,Brutcrispy,"Medallón de carne, bacon, cheddar, cebolla crispy, salsa brut",13500,15500,si,,
Hamburguesas,Cuarto de Libra,"Medallón de carne, mostaza, ketchup, cebolla cruda, cheddar",13000,15000,si,,
Hamburguesas,Brut,"Medallón de carne, mermelada de bacon, cheddar, pepinillos, salsa brut",13500,15500,si,,
Special,Takis,"Medallón de carne, cheddar, bacon, salsa picante, takis",14000,16000,si,,
Special,ABZ,"Medallón de carne, queso dambo, bacon, cebolla caramelizada, salsa brut",13000,15000,si,,
Special,Patty Melt,"Pan de molde, cheddar, cebolla caramelizada, medallón de carne x2",,17000,si,,
Special,Moon,"Medialuna de manteca, medallón de carne, cheddar, bacon, salsa brut",15000,17000,si,,
Guarniciones,Papas,,8000,,si,,
Guarniciones,Papas con cheddar,,13000,,si,,
Guarniciones,"Papas cheddar, bacon y verdeo",,14000,,si,,
Guarniciones,Nuggets de pollo,,12000,,si,,
Guarniciones,Aros de cebolla,,12000,,si,,
Guarniciones,Bastones de mozzarella,,,,si,,
Sandwiches,Bondiola completa,,14000,,si,,
Sandwiches,Pollo al verdeo,,14000,,si,,
Sandwiches,Mila completa,Pollo o carne,12000,,si,,
Pizzas,Muzza,,10000,,si,,
Pizzas,Napolitana,,12000,,si,,
Pizzas,Jamón y morrón,,14000,,si,,
Pizzas,Rúcula y panceta,,14000,,si,,
Pizzas,Cebolla y queso,,12000,,si,,
Empanadas,Jamón y queso,,,,si,,
Empanadas,Pollo,,,,si,,
Empanadas,Verdura,,,,si,,
Empanadas,Carne,,,,si,,
Empanadas,Caprese,,,,si,,
Extras,Medallón de carne,Sumalo a cualquier hamburguesa,2500,,si,,
